eltnum:images/UNI/L/eltnum
hilda:images/UNI/L/hilda
hyde:images/UNI/L/hyde
merkava:images/UNI/L/merkava
nanase:images/UNI/L/nanase
orie:images/UNI/L/orie
phonon:images/UNI/L/phonon
seth:images/UNI/L/seth
wagner:images/UNI/L/wagner
waldstein:images/UNI/L/waldstein